{"last_tab":"0","logo":{"url":"http:\/\/azexo.com\/medican\/wp-content\/uploads\/2015\/10\/logo-dark.png","id":"343"},"brand-color":"#3f51b5","accent-1-color":"#05ae0e","accent-2-color":"#ff3b30","infinite_scroll":"1","default_post_template":"post","default_product_template":"detailed_shop_product","show_sidebar":"right","favicon":{"url":"","id":""},"custom-css":"","custom-js":"(function($) {\r\n    \r\n$(\"#preloader\").on('before-hide', function(){\r\nif('azl' in window) {\r\n    if('list_and_map' in window.azl && 'QueryString' in $) {\r\n        if('template' in $.QueryString && $.QueryString.template == 'shop_product') {\r\n            window.azl.list_and_map();\r\n            $('#middle .branded-background').remove();\r\n        } else {\r\n            $('#middle .azl-map-wrapper.all').remove();\r\n            $('#middle .azqf-query-form').remove();\r\n            $('#masthead a.trigger').remove();\r\n        }\r\n    }\r\n}\r\n});\r\n\r\n})(jQuery);\r\n\r\njQuery(document).ready(function($){\r\n    \r\n$('.entry-video').fitVids();\r\n\r\n\r\n$('.field').each(function(){\r\n    if($(this).children().length == 0) {\r\n        $(this).remove();\r\n    }\r\n});\r\n\r\n$('.panel.field .panel-content').each(function(){\r\n    if($(this).children().length == 0) {\r\n        $(this).closest('.panel.field').remove();\r\n    }\r\n});\r\n\r\n});","product_show_sidebar":"left","skin":"medican","header_sidebar_fullwidth":"1","middle_sidebar_fullwidth":"1","footer_sidebar_fullwidth":"1","show_page_title":"0","show_breadcrumbs":"0","header":["logo","primary_menu","mobile_menu_button","gmap-toggle","search-toggle","mobile_menu"],"author_bio":"0","post_navigation":"hidden","post_navigation_previous":"Previous Article","post_navigation_next":"Next Article","related_posts":"0","comments":"1","default_title":"Latest posts","post_page_title":"post_title","strip_excerpt":"1","excerpt_length":"15","comment_excerpt_length":"10","author_avatar_size":"80","avatar_size":"80","related_posts_carousel_margin":"0","templates":["Recent comments","Car","Course","Event","Job","Property","Resume","Room","Travel"],"meta_fields":["Address","Phone","Website","car-mileage","car-vin","course-lectures","course-quizzes","course-duration","course-skill","course-language","course-students","course-certificate","course-assessments","job-salary-offer","job-total-year-experience","property-area","property-bedrooms","property-bathrooms","property-garages","property-id","resume-language","resume-total-year-experience","room-guests","room-area","room-rooms","room-bedrooms","room-bathrooms","tour-duration","tour-physicality","tour-age","tour-dates","event-address","room-address","job-address","resume-name","resume-address"],"post_show_thumbnail":"1","post_image_thumbnail":"0","post_zoom":"0","post_lazy":"1","post_show_carousel":"0","post_gallery_slider_thumbnails":"1","post_gallery_slider_thumbnails_vertical":"0","post_thumbnail_size":"700x480","post_show_title":"1","post_show_content":"content","post_excerpt_length":"15","post_excerpt_words_trim":"1","post_more_inside_content":"1","post_extra":["post_date","post_comments_count"],"post_meta":["post_author","post_category","post_tags","post_like"],"masonry_post_show_thumbnail":"1","masonry_post_image_thumbnail":"1","masonry_post_zoom":"0","masonry_post_lazy":"1","masonry_post_show_carousel":"0","masonry_post_gallery_slider_thumbnails":"0","masonry_post_gallery_slider_thumbnails_vertical":"0","masonry_post_thumbnail_size":"640x480","masonry_post_show_title":"1","masonry_post_show_content":"hidden","masonry_post_excerpt_length":"15","masonry_post_excerpt_words_trim":"1","masonry_post_more_inside_content":"1","masonry_post_thumbnail":["post_category"],"masonry_post_meta":["post_date"],"masonry_post_footer":["post_comments_count","post_like","post_read_more"],"related_post_show_thumbnail":"1","related_post_image_thumbnail":"1","related_post_zoom":"0","related_post_lazy":"0","related_post_show_carousel":"0","related_post_gallery_slider_thumbnails":"0","related_post_gallery_slider_thumbnails_vertical":"0","related_post_thumbnail_size":"250x250","related_post_show_title":"1","related_post_show_content":"hidden","related_post_excerpt_length":"15","related_post_excerpt_words_trim":"1","related_post_more_inside_content":"1","related_post_footer":["post_date","post_category"],"recent-comments_show_thumbnail":"1","recent-comments_image_thumbnail":"1","recent-comments_zoom":"0","recent-comments_lazy":"0","recent-comments_show_carousel":"0","recent-comments_gallery_slider_thumbnails":"0","recent-comments_gallery_slider_thumbnails_vertical":"0","recent-comments_thumbnail_size":"70x70","recent-comments_show_title":"0","recent-comments_show_content":"hidden","recent-comments_excerpt_length":"15","recent-comments_excerpt_words_trim":"1","recent-comments_more_inside_content":"0","recent-comments_header":["post_last_comment"],"recent-comments_footer":["post_last_comment_author","post_last_comment_date"],"car_show_thumbnail":"1","car_image_thumbnail":"1","car_zoom":"0","car_lazy":"1","car_show_carousel":"0","car_gallery_slider_thumbnails":"0","car_gallery_slider_thumbnails_vertical":"0","car_thumbnail_size":"400x300","car_show_title":"1","car_show_content":"hidden","car_excerpt_length":"-","car_excerpt_words_trim":"1","car_more_inside_content":"0","car_thumbnail":["sale_time_left"],"car_meta":["car-mileage","car-vin"],"car_header":["loop_price"],"car_footer":["taxonomy_car-fuel-type","taxonomy_car-year","taxonomy_car-transmission","post_read_more"],"car_data":["loop_sale_flash"],"course_show_thumbnail":"1","course_image_thumbnail":"1","course_zoom":"0","course_lazy":"1","course_show_carousel":"0","course_gallery_slider_thumbnails":"0","course_gallery_slider_thumbnails_vertical":"0","course_thumbnail_size":"400x300","course_show_title":"1","course_show_content":"excerpt","course_excerpt_length":"-","course_excerpt_words_trim":"1","course_more_inside_content":"0","course_thumbnail":["sale_time_left"],"course_header":["loop_price"],"course_footer":["post_author_avatar","loop_rating","loop_add_to_cart"],"course_data":["loop_sale_flash"],"event_show_thumbnail":"1","event_image_thumbnail":"1","event_zoom":"0","event_lazy":"1","event_show_carousel":"0","event_gallery_slider_thumbnails":"0","event_gallery_slider_thumbnails_vertical":"0","event_thumbnail_size":"400x300","event_show_title":"1","event_show_content":"hidden","event_excerpt_length":"-","event_excerpt_words_trim":"1","event_more_inside_content":"0","event_thumbnail":["sale_time_left"],"event_meta":["product-date-time.php","event-address"],"event_header":["loop_price"],"event_footer":["product-time-left.php","loop_add_to_cart"],"event_data":["loop_sale_flash"],"job_show_thumbnail":"1","job_image_thumbnail":"1","job_zoom":"0","job_lazy":"1","job_show_carousel":"0","job_gallery_slider_thumbnails":"0","job_gallery_slider_thumbnails_vertical":"0","job_thumbnail_size":"400x300","job_show_title":"1","job_show_content":"hidden","job_excerpt_length":"-","job_excerpt_words_trim":"1","job_more_inside_content":"0","job_thumbnail":["sale_time_left"],"job_meta":["product-vendor.php","job-address"],"job_header":["job-salary-offer"],"job_footer":["taxonomy_job-category","taxonomy_job-type","loop_add_to_cart"],"job_data":["loop_sale_flash"],"property_show_thumbnail":"1","property_image_thumbnail":"1","property_zoom":"0","property_lazy":"1","property_show_carousel":"0","property_gallery_slider_thumbnails":"0","property_gallery_slider_thumbnails_vertical":"0","property_thumbnail_size":"400x300","property_show_title":"1","property_show_content":"excerpt","property_excerpt_length":"-","property_excerpt_words_trim":"1","property_more_inside_content":"0","property_thumbnail":["sale_time_left"],"property_header":["loop_price"],"property_footer":["property-area","property-bedrooms","property-bathrooms","property-garages","loop_add_to_cart"],"property_data":["loop_sale_flash"],"resume_show_thumbnail":"1","resume_image_thumbnail":"1","resume_zoom":"0","resume_lazy":"1","resume_show_carousel":"0","resume_gallery_slider_thumbnails":"0","resume_gallery_slider_thumbnails_vertical":"0","resume_thumbnail_size":"400x300","resume_show_title":"1","resume_show_content":"hidden","resume_excerpt_length":"-","resume_excerpt_words_trim":"1","resume_more_inside_content":"0","resume_thumbnail":["sale_time_left"],"resume_meta":["resume-name","resume-address"],"resume_footer":["taxonomy_job-academic-degree","loop_add_to_cart"],"resume_data":["loop_sale_flash"],"room_show_thumbnail":"1","room_image_thumbnail":"1","room_zoom":"0","room_lazy":"1","room_show_carousel":"0","room_gallery_slider_thumbnails":"0","room_gallery_slider_thumbnails_vertical":"0","room_thumbnail_size":"400x300","room_show_title":"1","room_show_content":"hidden","room_excerpt_length":"-","room_excerpt_words_trim":"0","room_more_inside_content":"0","room_thumbnail":["sale_time_left"],"room_meta":["taxonomy_room-category","room-address"],"room_header":["loop_price"],"room_footer":["room-guests","loop_rating","loop_add_to_cart"],"room_data":["loop_sale_flash"],"travel_show_thumbnail":"1","travel_image_thumbnail":"1","travel_zoom":"0","travel_lazy":"1","travel_show_carousel":"0","travel_gallery_slider_thumbnails":"0","travel_gallery_slider_thumbnails_vertical":"0","travel_thumbnail_size":"400x300","travel_show_title":"1","travel_show_content":"excerpt","travel_excerpt_length":"-","travel_excerpt_words_trim":"0","travel_more_inside_content":"0","travel_thumbnail":["sale_time_left"],"travel_header":["loop_price"],"travel_footer":["tour-duration","loop_rating","loop_add_to_cart"],"travel_data":["loop_sale_flash"],"google_map_product_show_thumbnail":"1","google_map_product_image_thumbnail":"0","google_map_product_zoom":"0","google_map_product_lazy":"0","google_map_product_show_carousel":"0","google_map_product_gallery_slider_thumbnails":"0","google_map_product_gallery_slider_thumbnails_vertical":"0","google_map_product_thumbnail_size":"large","google_map_product_show_title":"1","google_map_product_show_content":"content","google_map_product_excerpt_length":"15","google_map_product_excerpt_words_trim":"1","google_map_product_more_inside_content":"1","single_product_show_thumbnail":"1","single_product_image_thumbnail":"0","single_product_zoom":"0","single_product_lazy":"0","single_product_show_carousel":"1","single_product_gallery_slider_thumbnails":"0","single_product_gallery_slider_thumbnails_vertical":"0","single_product_thumbnail_size":"400x250","single_product_show_title":"1","single_product_show_content":"content","single_product_excerpt_length":"15","single_product_excerpt_words_trim":"1","single_product_more_inside_content":"0","single_product_meta":["single_rating","product-add-review.php"],"single_product_additions":["single_reviews","azl_abuse_link"],"shop_product_show_thumbnail":"1","shop_product_image_thumbnail":"1","shop_product_zoom":"0","shop_product_lazy":"1","shop_product_show_carousel":"0","shop_product_gallery_slider_thumbnails":"0","shop_product_gallery_slider_thumbnails_vertical":"0","shop_product_thumbnail_size":"400x250","shop_product_show_title":"1","shop_product_show_content":"hidden","shop_product_excerpt_length":"15","shop_product_excerpt_words_trim":"1","shop_product_more_inside_content":"0","shop_product_thumbnail":["loop_sale_flash","sale_time_left"],"shop_product_meta":["Address"],"shop_product_footer":["loop_rating","loop_add_to_cart"],"detailed_shop_product_show_thumbnail":"1","detailed_shop_product_image_thumbnail":"1","detailed_shop_product_zoom":"0","detailed_shop_product_lazy":"1","detailed_shop_product_show_carousel":"0","detailed_shop_product_gallery_slider_thumbnails":"0","detailed_shop_product_gallery_slider_thumbnails_vertical":"0","detailed_shop_product_thumbnail_size":"400x300","detailed_shop_product_show_title":"1","detailed_shop_product_show_content":"excerpt","detailed_shop_product_excerpt_length":"-","detailed_shop_product_excerpt_words_trim":"1","detailed_shop_product_more_inside_content":"0","detailed_shop_product_thumbnail":["loop_sale_flash","sale_time_left"],"detailed_shop_product_footer":["post_like","loop_rating","loop_add_to_cart"],"related_product_show_thumbnail":"1","related_product_image_thumbnail":"1","related_product_zoom":"0","related_product_lazy":"0","related_product_show_carousel":"0","related_product_gallery_slider_thumbnails":"0","related_product_gallery_slider_thumbnails_vertical":"0","related_product_thumbnail_size":"280x150","related_product_show_title":"1","related_product_show_content":"excerpt","related_product_excerpt_length":"15","related_product_excerpt_words_trim":"1","related_product_more_inside_content":"0","related_product_footer":["loop_add_to_cart"],"upsells_product_show_thumbnail":"1","upsells_product_image_thumbnail":"1","upsells_product_zoom":"0","upsells_product_lazy":"0","upsells_product_show_carousel":"0","upsells_product_gallery_slider_thumbnails":"0","upsells_product_gallery_slider_thumbnails_vertical":"0","upsells_product_thumbnail_size":"280x150","upsells_product_show_title":"1","upsells_product_show_content":"excerpt","upsells_product_excerpt_length":"15","upsells_product_excerpt_words_trim":"1","upsells_product_more_inside_content":"0","upsells_product_footer":["loop_add_to_cart"],"loop_sold_by_prefix":"","post_title_prefix":"","post_summary_prefix":"","post_content_prefix":"","post_thumbnail_prefix":"","post_video_prefix":"","post_gallery_prefix":"","post_sticky_prefix":"","post_date_prefix":"","post_splitted_date_prefix":"","post_author_prefix":"Posted by: ","post_author_avatar_prefix":"","post_category_prefix":"In: ","post_tags_prefix":"Tags: ","post_like_prefix":"","post_last_comment_prefix":"","post_last_comment_author_prefix":"","post_last_comment_date_prefix":"","post_comments_count_prefix":"","post_read_more_prefix":"","post_share_prefix":"SHARE OR SAVE THIS POST FOR LATER USAGE","post_comments_prefix":"","product-vendor_prefix":"","product-file_prefix":"","product-gmap-location_prefix":"","product-time-left_prefix":"","product-date-time_prefix":"","product-working-hours_prefix":"","product-add-review_prefix":"","taxonomy_category_image":{"url":"","id":""},"taxonomy_category_prefix":"","taxonomy_category_suffix":"","taxonomy_post_tag_image":{"url":"","id":""},"taxonomy_post_tag_prefix":"","taxonomy_post_tag_suffix":"","taxonomy_nav_menu_image":{"url":"","id":""},"taxonomy_nav_menu_prefix":"","taxonomy_nav_menu_suffix":"","taxonomy_link_category_image":{"url":"","id":""},"taxonomy_link_category_prefix":"","taxonomy_link_category_suffix":"","taxonomy_post_format_image":{"url":"","id":""},"taxonomy_post_format_prefix":"","taxonomy_post_format_suffix":"","taxonomy_product_type_image":{"url":"","id":""},"taxonomy_product_type_prefix":"","taxonomy_product_type_suffix":"","taxonomy_product_cat_image":{"url":"","id":""},"taxonomy_product_cat_prefix":"","taxonomy_product_cat_suffix":"","taxonomy_product_tag_image":{"url":"","id":""},"taxonomy_product_tag_prefix":"","taxonomy_product_tag_suffix":"","taxonomy_product_shipping_class_image":{"url":"","id":""},"taxonomy_product_shipping_class_prefix":"","taxonomy_product_shipping_class_suffix":"","taxonomy_car-body_image":{"url":"","id":""},"taxonomy_car-body_prefix":"Body:","taxonomy_car-body_suffix":"","taxonomy_car-year_image":{"url":"http:\/\/azexo.com\/medican\/wp-content\/uploads\/2016\/02\/agenda29.svg","id":"630"},"taxonomy_car-year_prefix":"Year:","taxonomy_car-year_suffix":"","taxonomy_car-fuel-type_image":{"url":"http:\/\/azexo.com\/medican\/wp-content\/uploads\/2016\/02\/fuel26.svg","id":"629"},"taxonomy_car-fuel-type_prefix":"Fuel type:","taxonomy_car-fuel-type_suffix":"","taxonomy_car-transmission_image":{"url":"http:\/\/azexo.com\/medican\/wp-content\/uploads\/2016\/02\/driving2.svg","id":"632"},"taxonomy_car-transmission_prefix":"Transmission:","taxonomy_car-transmission_suffix":"","taxonomy_car-drive_image":{"url":"","id":""},"taxonomy_car-drive_prefix":"Drive:","taxonomy_car-drive_suffix":"","taxonomy_car-exterior-color_image":{"url":"","id":""},"taxonomy_car-exterior-color_prefix":"Exterior Color:","taxonomy_car-exterior-color_suffix":"","taxonomy_car-interior-color_image":{"url":"","id":""},"taxonomy_car-interior-color_prefix":"Interior Color:","taxonomy_car-interior-color_suffix":"","taxonomy_car-feature_image":{"url":"","id":""},"taxonomy_car-feature_prefix":"","taxonomy_car-feature_suffix":"","taxonomy_car-model_image":{"url":"","id":""},"taxonomy_car-model_prefix":"","taxonomy_car-model_suffix":"","taxonomy_car-exterior-condition_image":{"url":"","id":""},"taxonomy_car-exterior-condition_prefix":"","taxonomy_car-exterior-condition_suffix":"","taxonomy_car-accident_image":{"url":"","id":""},"taxonomy_car-accident_prefix":"","taxonomy_car-accident_suffix":"","taxonomy_car-interior-condition_image":{"url":"","id":""},"taxonomy_car-interior-condition_prefix":"","taxonomy_car-interior-condition_suffix":"","taxonomy_course-category_image":{"url":"","id":""},"taxonomy_course-category_prefix":"Category:","taxonomy_course-category_suffix":"","taxonomy_event-category_image":{"url":"","id":""},"taxonomy_event-category_prefix":"Category:","taxonomy_event-category_suffix":"","taxonomy_job-category_image":{"url":"http:\/\/azexo.com\/medican\/wp-content\/uploads\/2016\/02\/Open-Archive.svg","id":"715"},"taxonomy_job-category_prefix":"Category:","taxonomy_job-category_suffix":"","taxonomy_job-type_image":{"url":"http:\/\/azexo.com\/medican\/wp-content\/uploads\/2016\/02\/Flag.svg","id":"714"},"taxonomy_job-type_prefix":"Type:","taxonomy_job-type_suffix":"","taxonomy_job-experience-level_image":{"url":"","id":""},"taxonomy_job-experience-level_prefix":"Experience Level:","taxonomy_job-experience-level_suffix":"","taxonomy_job-academic-degree_image":{"url":"","id":""},"taxonomy_job-academic-degree_prefix":"Academic Degree:","taxonomy_job-academic-degree_suffix":"","taxonomy_job-dress-code_image":{"url":"","id":""},"taxonomy_job-dress-code_prefix":"Dress Code:","taxonomy_job-dress-code_suffix":"","taxonomy_property-status_image":{"url":"","id":""},"taxonomy_property-status_prefix":"Status:","taxonomy_property-status_suffix":"","taxonomy_property-type_image":{"url":"","id":""},"taxonomy_property-type_prefix":"Type:","taxonomy_property-type_suffix":"","taxonomy_property-feature_image":{"url":"","id":""},"taxonomy_property-feature_prefix":"","taxonomy_property-feature_suffix":"","taxonomy_room-category_image":{"url":"","id":""},"taxonomy_room-category_prefix":"Category:","taxonomy_room-category_suffix":"","taxonomy_room-feature_image":{"url":"","id":""},"taxonomy_room-feature_prefix":"","taxonomy_room-feature_suffix":"","taxonomy_tour-type_image":{"url":"","id":""},"taxonomy_tour-type_prefix":"Type:","taxonomy_tour-type_suffix":"","taxonomy_tour-month_image":{"url":"","id":""},"taxonomy_tour-month_prefix":"","taxonomy_tour-month_suffix":"","taxonomy_widget_type_image":{"url":"","id":""},"taxonomy_widget_type_prefix":"","taxonomy_widget_type_suffix":"","Address_image":{"url":"http:\/\/azexo.com\/medican\/wp-content\/uploads\/2016\/01\/pin67.svg","id":"415"},"Address_prefix":"","Address_suffix":"","Phone_image":{"url":"http:\/\/azexo.com\/medican\/wp-content\/uploads\/2016\/01\/telephone60.svg","id":"420"},"Phone_prefix":"","Phone_suffix":"","Website_image":{"url":"http:\/\/azexo.com\/medican\/wp-content\/uploads\/2016\/01\/house325.svg","id":"419"},"Website_prefix":"","Website_suffix":"","car-mileage_image":{"url":"","id":""},"car-mileage_prefix":"Mileage:","car-mileage_suffix":"","car-vin_image":{"url":"","id":""},"car-vin_prefix":"VIN:","car-vin_suffix":"","course-lectures_image":{"url":"","id":""},"course-lectures_prefix":"Lectures:","course-lectures_suffix":"","course-quizzes_image":{"url":"","id":""},"course-quizzes_prefix":"Quizzes:","course-quizzes_suffix":"","course-duration_image":{"url":"","id":""},"course-duration_prefix":"Duration:","course-duration_suffix":"","course-skill_image":{"url":"","id":""},"course-skill_prefix":"Skill:","course-skill_suffix":"","course-language_image":{"url":"","id":""},"course-language_prefix":"Language:","course-language_suffix":"","course-students_image":{"url":"","id":""},"course-students_prefix":"Students:","course-students_suffix":"","course-certificate_image":{"url":"","id":""},"course-certificate_prefix":"Certificate:","course-certificate_suffix":"","course-assessments_image":{"url":"","id":""},"course-assessments_prefix":"Assessments:","course-assessments_suffix":"","job-salary-offer_image":{"url":"","id":""},"job-salary-offer_prefix":"Salary offer:","job-salary-offer_suffix":"$","job-total-year-experience_image":{"url":"","id":""},"job-total-year-experience_prefix":"Total years experience:","job-total-year-experience_suffix":"","property-area_image":{"url":"http:\/\/azexo.com\/medican\/wp-content\/uploads\/2016\/02\/scale-screen.svg","id":"729"},"property-area_prefix":"Area:","property-area_suffix":"sq ft","property-bedrooms_image":{"url":"http:\/\/azexo.com\/medican\/wp-content\/uploads\/2016\/02\/double-bed.svg","id":"727"},"property-bedrooms_prefix":"Bedrooms:","property-bedrooms_suffix":"","property-bathrooms_image":{"url":"http:\/\/azexo.com\/medican\/wp-content\/uploads\/2016\/02\/bath-tub.svg","id":"726"},"property-bathrooms_prefix":"Bathrooms:","property-bathrooms_suffix":"","property-garages_image":{"url":"http:\/\/azexo.com\/medican\/wp-content\/uploads\/2016\/02\/garage.svg","id":"728"},"property-garages_prefix":"Garages:","property-garages_suffix":"","property-id_image":{"url":"","id":""},"property-id_prefix":"Property ID:","property-id_suffix":"","resume-language_image":{"url":"","id":""},"resume-language_prefix":"Language:","resume-language_suffix":"","resume-total-year-experience_image":{"url":"","id":""},"resume-total-year-experience_prefix":"Total years experience:","resume-total-year-experience_suffix":"","room-guests_image":{"url":"http:\/\/azexo.com\/medican\/wp-content\/uploads\/2016\/02\/profile29.svg","id":"678"},"room-guests_prefix":"Guests:","room-guests_suffix":"","room-area_image":{"url":"","id":""},"room-area_prefix":"Area:","room-area_suffix":"sq ft","room-rooms_image":{"url":"","id":""},"room-rooms_prefix":"Rooms:","room-rooms_suffix":"","room-bedrooms_image":{"url":"","id":""},"room-bedrooms_prefix":"Bedrooms:","room-bedrooms_suffix":"","room-bathrooms_image":{"url":"","id":""},"room-bathrooms_prefix":"Bathrooms:","room-bathrooms_suffix":"","tour-duration_image":{"url":"http:\/\/azexo.com\/medican\/wp-content\/uploads\/2016\/02\/circular-clock.svg","id":"743"},"tour-duration_prefix":"Duration:","tour-duration_suffix":"","tour-physicality_image":{"url":"","id":""},"tour-physicality_prefix":"Physicality:","tour-physicality_suffix":"","tour-age_image":{"url":"","id":""},"tour-age_prefix":"Age:","tour-age_suffix":"","tour-dates_image":{"url":"","id":""},"tour-dates_prefix":"Dates:","tour-dates_suffix":"","event-address_image":{"url":"","id":""},"event-address_prefix":"","event-address_suffix":"","room-address_image":{"url":"","id":""},"room-address_prefix":"Address:","room-address_suffix":"","job-address_image":{"url":"","id":""},"job-address_prefix":"Address:","job-address_suffix":"","resume-name_image":{"url":"","id":""},"resume-name_prefix":"Candidate:","resume-name_suffix":"","resume-address_image":{"url":"","id":""},"resume-address_prefix":"Job Location:","resume-address_suffix":"","deal_purchases_left_prefix":"","azl_edit_link_prefix":"","azl_delete_link_prefix":"","azl_claim_link_prefix":"","azl_abuse_link_prefix":"","azl_favorite_link_prefix":"","purchased_prefix":"","discount_prefix":"","sale_time_left_prefix":"","availability_prefix":"","last_review_rating_prefix":"","loop_sale_flash_prefix":"","loop_rating_prefix":"","loop_price_prefix":"","loop_add_to_cart_prefix":"","single_sale_flash_prefix":"","single_add_to_cart_prefix":"","single_rating_prefix":"","single_price_prefix":"","single_meta_prefix":"","single_sharing_prefix":"","single_data_tabs_prefix":"","single_related_products_prefix":"","single_upsell_display_prefix":"","single_description_prefix":"","single_reviews_prefix":"","single_additional_information_prefix":"","56_prefix":"","633_prefix":"","645_prefix":"","665_prefix":"","395_prefix":"","39_prefix":"","36_prefix":"","716_prefix":"","290_prefix":"","175_prefix":"","54_prefix":"","730_prefix":"","52_prefix":"","679_prefix":"","744_prefix":"","759_prefix":"","product_label":"Doctor","products_label":"Doctors","custom_sorting":["menu_order","popularity","rating","date","price","price-desc"],"shop_modes":"0","show_data_tabs":"0","show_related_products":"0","show_upsells_products":"0","upsells_products_carousel_margin":"10","related_products_carousel_margin":"10","review_marks":["Prefessionality","Service","Pricing","Recommendation"],"review_likes":"1","redux-backup":"1"}