<?xml version="1.0" encoding="UTF-8" ?>
<!-- This is a WordPress eXtended RSS file generated by WordPress as an export of your site. -->
<!-- It contains information about your site's posts, pages, comments, categories, and other content. -->
<!-- You may use this file to transfer that content from one site to another. -->
<!-- This file is not intended to serve as a complete backup of your site. -->

<!-- To import this information into a WordPress site follow these steps: -->
<!-- 1. Log in to that site as an administrator. -->
<!-- 2. Go to Tools: Import in the WordPress admin panel. -->
<!-- 3. Install the "WordPress" importer from the list. -->
<!-- 4. Activate & Run Importer. -->
<!-- 5. Upload this file using the form provided on that page. -->
<!-- 6. You will first be asked to map the authors in this export file to users -->
<!--    on the site. For each author, you may choose to map to an -->
<!--    existing user on the site or to create a new user. -->
<!-- 7. WordPress will then import each of the posts, pages, comments, categories, etc. -->
<!--    contained in this file into your site. -->

<!-- generator="WordPress/4.4.2" created="2016-02-27 06:24" -->
<rss version="2.0"
	xmlns:excerpt="http://wordpress.org/export/1.2/excerpt/"
	xmlns:content="http://purl.org/rss/1.0/modules/content/"
	xmlns:wfw="http://wellformedweb.org/CommentAPI/"
	xmlns:dc="http://purl.org/dc/elements/1.1/"
	xmlns:wp="http://wordpress.org/export/1.2/"
>

<channel>
	<title>Medican</title>
	<link>http://azexo.com/medican</link>
	<description>Just another WordPress site</description>
	<pubDate>Sat, 27 Feb 2016 06:24:26 +0000</pubDate>
	<language>en-US</language>
	<wp:wxr_version>1.2</wp:wxr_version>
	<wp:base_site_url>http://azexo.com/medican</wp:base_site_url>
	<wp:base_blog_url>http://azexo.com/medican</wp:base_blog_url>

	<wp:author><wp:author_id>1</wp:author_id><wp:author_login><![CDATA[admin]]></wp:author_login><wp:author_email><![CDATA[sandys133@gmail.com]]></wp:author_email><wp:author_display_name><![CDATA[admin]]></wp:author_display_name><wp:author_first_name><![CDATA[]]></wp:author_first_name><wp:author_last_name><![CDATA[]]></wp:author_last_name></wp:author>


	<generator>https://wordpress.org/?v=4.4.2</generator>

	<item>
		<title>Header</title>
		<link>http://azexo.com/medican/vc_widget/header/</link>
		<pubDate>Fri, 02 Oct 2015 16:06:43 +0000</pubDate>
		<dc:creator><![CDATA[admin]]></dc:creator>
		<guid isPermaLink="false">http://azexo.com/medican/?post_type=vc_widget&#038;p=36</guid>
		<description></description>
		<content:encoded><![CDATA[[vc_row css=".vc_custom_1444728339574{margin-bottom: 0px !important;background-color: #3f51b5 !important;}"][vc_column el_class="h-padding-0"][vc_row_inner el_class="container v-align-columns only-last-column-max-width-768"][vc_column_inner width="1/2"][vc_column_text css=".vc_custom_1444729046888{margin-top: 5px !important;margin-bottom: 5px !important;}" el_class="contact-info-small"]Have any questions? <strong>+080 124 880</strong> or mail@pamukovic.com[/vc_column_text][/vc_column_inner][vc_column_inner width="1/2"][vc_wp_custommenu nav_menu="27" el_class="dropdown pull-right"][/vc_column_inner][/vc_row_inner][/vc_column][/vc_row][vc_row css=".vc_custom_1443354929279{margin-bottom: 0px !important;border-bottom-width: 1px !important;padding-top: 15px !important;padding-bottom: 15px !important;border-bottom-color: #eaedf2 !important;border-bottom-style: solid !important;}"][vc_column el_class="h-padding-0"][vc_row_inner el_class="container v-align-columns"][vc_column_inner width="1/2"][vc_single_image image="343" img_size="full" onclick="custom_link" el_class="responsive-align-center" link="http://azexo.com/medican"][/vc_column_inner][vc_column_inner width="1/2"][vc_column_text el_class="contact-info text-right responsive-align-center"]Have any questions? <strong>+114 554 888</strong>[/vc_column_text][/vc_column_inner][/vc_row_inner][/vc_column][/vc_row]]]></content:encoded>
		<excerpt:encoded><![CDATA[]]></excerpt:encoded>
		<wp:post_id>36</wp:post_id>
		<wp:post_date><![CDATA[2015-10-02 16:06:43]]></wp:post_date>
		<wp:post_date_gmt><![CDATA[2015-10-02 16:06:43]]></wp:post_date_gmt>
		<wp:comment_status><![CDATA[closed]]></wp:comment_status>
		<wp:ping_status><![CDATA[closed]]></wp:ping_status>
		<wp:post_name><![CDATA[header]]></wp:post_name>
		<wp:status><![CDATA[publish]]></wp:status>
		<wp:post_parent>0</wp:post_parent>
		<wp:menu_order>0</wp:menu_order>
		<wp:post_type><![CDATA[vc_widget]]></wp:post_type>
		<wp:post_password><![CDATA[]]></wp:post_password>
		<wp:is_sticky>0</wp:is_sticky>
		<wp:postmeta>
			<wp:meta_key><![CDATA[_edit_last]]></wp:meta_key>
			<wp:meta_value><![CDATA[1]]></wp:meta_value>
		</wp:postmeta>
		<wp:postmeta>
			<wp:meta_key><![CDATA[_wpb_vc_js_status]]></wp:meta_key>
			<wp:meta_value><![CDATA[true]]></wp:meta_value>
		</wp:postmeta>
		<wp:postmeta>
			<wp:meta_key><![CDATA[_vc_post_settings]]></wp:meta_key>
			<wp:meta_value><![CDATA[a:2:{s:7:"vc_grid";a:0:{}s:10:"vc_grid_id";a:0:{}}]]></wp:meta_value>
		</wp:postmeta>
		<wp:postmeta>
			<wp:meta_key><![CDATA[_wpb_shortcodes_custom_css]]></wp:meta_key>
			<wp:meta_value><![CDATA[.vc_custom_1444728339574{margin-bottom: 0px !important;background-color: #3f51b5 !important;}.vc_custom_1443354929279{margin-bottom: 0px !important;border-bottom-width: 1px !important;padding-top: 15px !important;padding-bottom: 15px !important;border-bottom-color: #eaedf2 !important;border-bottom-style: solid !important;}.vc_custom_1444729046888{margin-top: 5px !important;margin-bottom: 5px !important;}]]></wp:meta_value>
		</wp:postmeta>
		<wp:postmeta>
			<wp:meta_key><![CDATA[slide_template]]></wp:meta_key>
			<wp:meta_value><![CDATA[default]]></wp:meta_value>
		</wp:postmeta>
	</item>
	<item>
		<title>Footer</title>
		<link>http://azexo.com/medican/vc_widget/footer/</link>
		<pubDate>Fri, 02 Oct 2015 16:08:03 +0000</pubDate>
		<dc:creator><![CDATA[admin]]></dc:creator>
		<guid isPermaLink="false">http://azexo.com/medican/?post_type=vc_widget&#038;p=39</guid>
		<description></description>
		<content:encoded><![CDATA[[vc_row css=".vc_custom_1454169799683{margin-bottom: 0px !important;padding-top: 110px !important;padding-bottom: 110px !important;background-image: url(http://azexo.com/medican/wp-content/uploads/2015/10/20535370_l-e1454169720676.jpg?id=400) !important;background-position: center !important;background-repeat: no-repeat !important;background-size: cover !important;}" el_class="branded-background"][vc_column el_class="h-padding-0"][vc_row_inner el_class="container"][vc_column_inner width="1/6"][/vc_column_inner][vc_column_inner width="2/3"][azexo_carousel center="yes" autoplay="yes" responsive="%5B%7B%22window_width%22%3A%220%22%2C%22items%22%3A%221%22%7D%2C%7B%22window_width%22%3A%223000%22%2C%22items%22%3A%221%22%7D%5D" el_class="testimonials"][azexo_generic_content title="John Doe, South Carolina"]I am text block. Click edit button to change this text. Lorem ipsum dolor sit amet, consectetur adipiscing elit. Ut elit tellus, luctus nec ullamcorper mattis, pulvinar dapibus leo.[/azexo_generic_content][azexo_generic_content title="John Doe, South Carolina"]I am text block. Click edit button to change this text. Lorem ipsum dolor sit amet, consectetur adipiscing elit. Ut elit tellus, luctus nec ullamcorper mattis, pulvinar dapibus leo.[/azexo_generic_content][azexo_generic_content title="John Doe, South Carolina"]I am text block. Click edit button to change this text. Lorem ipsum dolor sit amet, consectetur adipiscing elit. Ut elit tellus, luctus nec ullamcorper mattis, pulvinar dapibus leo.[/azexo_generic_content][/azexo_carousel][/vc_column_inner][vc_column_inner width="1/6"][/vc_column_inner][/vc_row_inner][/vc_column][/vc_row][vc_row css=".vc_custom_1454001277218{margin-bottom: 0px !important;padding-top: 60px !important;padding-bottom: 60px !important;background-color: #3f51b5 !important;}"][vc_column el_class="h-padding-0"][vc_row_inner el_class="container v-align-columns columns-offset-30-max-width-768"][vc_column_inner width="2/3"][vc_column_text]
<h4><span style="color: #ffffff;">Submit an inquiry today or call 080-free-tool to speak with one of our friendly staff.</span></h4>
[/vc_column_text][/vc_column_inner][vc_column_inner width="1/3"][vc_btn title="Inquire Now" style="custom" custom_background="#ffffff" custom_text="#000000" shape="square" align="right" button_block="true"][/vc_column_inner][/vc_row_inner][/vc_column][/vc_row][vc_row el_class="container columns-offset-20-max-width-768" css=".vc_custom_1454001772785{margin-bottom: 0px !important;padding-top: 60px !important;padding-bottom: 60px !important;}"][vc_column width="1/3"][vc_custom_heading text="About" font_container="tag:h4|text_align:left" use_theme_fonts="yes" css=".vc_custom_1454002064707{margin-bottom: 28px !important;}"][vc_column_text el_class="small" css=".vc_custom_1454002266605{margin-bottom: 30px !important;}"]Call. +0080 2220 123
Email. hello@yourmail.com
142 Chesterfield Housery Street, Melburne
MIO 3022, Australia[/vc_column_text][azexo_panel el_class="social"][azexo_generic_content media_type="icon" icon_fontawesome="fa fa-facebook" media_link="url:%23||"][/azexo_generic_content][azexo_generic_content media_type="icon" icon_fontawesome="fa fa-twitter" media_link="url:%23||"][/azexo_generic_content][azexo_generic_content media_type="icon" icon_fontawesome="fa fa-google-plus" media_link="url:%23||"][/azexo_generic_content][/azexo_panel][/vc_column][vc_column width="2/3"][vc_row_inner el_class="columns-offset-30-max-width-768"][vc_column_inner width="1/4"][vc_wp_custommenu nav_menu="32" title="Patients"][/vc_column_inner][vc_column_inner width="1/4"][vc_wp_custommenu nav_menu="32" title="Practices"][/vc_column_inner][vc_column_inner width="1/4"][vc_wp_custommenu nav_menu="32" title="Company"][/vc_column_inner][vc_column_inner width="1/4"][vc_wp_custommenu nav_menu="32" title="Links"][/vc_column_inner][/vc_row_inner][/vc_column][/vc_row][vc_row css=".vc_custom_1453972047716{border-top-width: 1px !important;padding-top: 30px !important;border-top-color: #f0f0f0 !important;border-top-style: solid !important;}"][vc_column][vc_row_inner el_class="container columns-offset-30-max-width-768"][vc_column_inner width="2/3"][vc_wp_custommenu nav_menu="32" el_class="flat"][/vc_column_inner][vc_column_inner width="1/3"][vc_column_text el_class="accent responsive-align-center"]
<p style="text-align: right;">All rights reserved @ CodenPixel</p>

[/vc_column_text][/vc_column_inner][/vc_row_inner][/vc_column][/vc_row]]]></content:encoded>
		<excerpt:encoded><![CDATA[]]></excerpt:encoded>
		<wp:post_id>39</wp:post_id>
		<wp:post_date><![CDATA[2015-10-02 16:08:03]]></wp:post_date>
		<wp:post_date_gmt><![CDATA[2015-10-02 16:08:03]]></wp:post_date_gmt>
		<wp:comment_status><![CDATA[closed]]></wp:comment_status>
		<wp:ping_status><![CDATA[closed]]></wp:ping_status>
		<wp:post_name><![CDATA[footer]]></wp:post_name>
		<wp:status><![CDATA[publish]]></wp:status>
		<wp:post_parent>0</wp:post_parent>
		<wp:menu_order>0</wp:menu_order>
		<wp:post_type><![CDATA[vc_widget]]></wp:post_type>
		<wp:post_password><![CDATA[]]></wp:post_password>
		<wp:is_sticky>0</wp:is_sticky>
		<wp:postmeta>
			<wp:meta_key><![CDATA[_edit_last]]></wp:meta_key>
			<wp:meta_value><![CDATA[1]]></wp:meta_value>
		</wp:postmeta>
		<wp:postmeta>
			<wp:meta_key><![CDATA[_wpb_vc_js_status]]></wp:meta_key>
			<wp:meta_value><![CDATA[true]]></wp:meta_value>
		</wp:postmeta>
		<wp:postmeta>
			<wp:meta_key><![CDATA[_vc_post_settings]]></wp:meta_key>
			<wp:meta_value><![CDATA[a:1:{s:10:"vc_grid_id";a:0:{}}]]></wp:meta_value>
		</wp:postmeta>
		<wp:postmeta>
			<wp:meta_key><![CDATA[_wpb_shortcodes_custom_css]]></wp:meta_key>
			<wp:meta_value><![CDATA[.vc_custom_1454169799683{margin-bottom: 0px !important;padding-top: 110px !important;padding-bottom: 110px !important;background-image: url(http://azexo.com/medican/wp-content/uploads/2015/10/20535370_l-e1454169720676.jpg?id=400) !important;background-position: center !important;background-repeat: no-repeat !important;background-size: cover !important;}.vc_custom_1454001277218{margin-bottom: 0px !important;padding-top: 60px !important;padding-bottom: 60px !important;background-color: #3f51b5 !important;}.vc_custom_1454001772785{margin-bottom: 0px !important;padding-top: 60px !important;padding-bottom: 60px !important;}.vc_custom_1453972047716{border-top-width: 1px !important;padding-top: 30px !important;border-top-color: #f0f0f0 !important;border-top-style: solid !important;}.vc_custom_1454002064707{margin-bottom: 28px !important;}.vc_custom_1454002266605{margin-bottom: 30px !important;}]]></wp:meta_value>
		</wp:postmeta>
		<wp:postmeta>
			<wp:meta_key><![CDATA[slide_template]]></wp:meta_key>
			<wp:meta_value><![CDATA[default]]></wp:meta_value>
		</wp:postmeta>
	</item>
	<item>
		<title>Recent comments</title>
		<link>http://azexo.com/medican/vc_widget/recent-comments/</link>
		<pubDate>Fri, 02 Oct 2015 16:22:44 +0000</pubDate>
		<dc:creator><![CDATA[admin]]></dc:creator>
		<guid isPermaLink="false">http://azexo.com/medican/?post_type=vc_widget&#038;p=52</guid>
		<description></description>
		<content:encoded><![CDATA[[vc_row css=".vc_custom_1443431370431{margin-bottom: 0px !important;}"][vc_column el_class="h-padding-0"][azexo_posts_list max_items="3" orderby="meta_value" template="recent-comments" meta_key="last_comment_date"][/vc_column][/vc_row]]]></content:encoded>
		<excerpt:encoded><![CDATA[]]></excerpt:encoded>
		<wp:post_id>52</wp:post_id>
		<wp:post_date><![CDATA[2015-10-02 16:22:44]]></wp:post_date>
		<wp:post_date_gmt><![CDATA[2015-10-02 16:22:44]]></wp:post_date_gmt>
		<wp:comment_status><![CDATA[closed]]></wp:comment_status>
		<wp:ping_status><![CDATA[closed]]></wp:ping_status>
		<wp:post_name><![CDATA[recent-comments]]></wp:post_name>
		<wp:status><![CDATA[publish]]></wp:status>
		<wp:post_parent>0</wp:post_parent>
		<wp:menu_order>0</wp:menu_order>
		<wp:post_type><![CDATA[vc_widget]]></wp:post_type>
		<wp:post_password><![CDATA[]]></wp:post_password>
		<wp:is_sticky>0</wp:is_sticky>
		<wp:postmeta>
			<wp:meta_key><![CDATA[_edit_last]]></wp:meta_key>
			<wp:meta_value><![CDATA[1]]></wp:meta_value>
		</wp:postmeta>
		<wp:postmeta>
			<wp:meta_key><![CDATA[_wpb_vc_js_status]]></wp:meta_key>
			<wp:meta_value><![CDATA[false]]></wp:meta_value>
		</wp:postmeta>
		<wp:postmeta>
			<wp:meta_key><![CDATA[_vc_post_settings]]></wp:meta_key>
			<wp:meta_value><![CDATA[a:2:{s:7:"vc_grid";a:0:{}s:10:"vc_grid_id";a:0:{}}]]></wp:meta_value>
		</wp:postmeta>
		<wp:postmeta>
			<wp:meta_key><![CDATA[_wpb_shortcodes_custom_css]]></wp:meta_key>
			<wp:meta_value><![CDATA[.vc_custom_1443431370431{margin-bottom: 0px !important;}]]></wp:meta_value>
		</wp:postmeta>
	</item>
	<item>
		<title>Product details</title>
		<link>http://azexo.com/medican/vc_widget/product-details/</link>
		<pubDate>Fri, 02 Oct 2015 16:23:11 +0000</pubDate>
		<dc:creator><![CDATA[admin]]></dc:creator>
		<guid isPermaLink="false">http://azexo.com/medican/?post_type=vc_widget&#038;p=54</guid>
		<description></description>
		<content:encoded><![CDATA[[vc_row css=".vc_custom_1453640526696{margin-bottom: 0px !important;}"][vc_column el_class="h-padding-0"][azexo_product_fields_wrapper][azexo_post_field field="post_thumbnail"][azexo_panel el_class="field" css=".vc_custom_1454051168371{margin-top: 0px !important;}"][azexo_post_field field="single_meta"][/azexo_panel][azexo_panel title="Timetable" el_class="field"][azexo_post_field field="product-working-hours.php"][/azexo_panel][azexo_panel title="Contact form" el_class="field"][contact-form-7 id="48"][/azexo_panel][azexo_panel title="Location" el_class="field wide"][azexo_post_field field="product-gmap-location.php" css=".vc_custom_1453650545032{margin-right: -30px !important;margin-left: -30px !important;}"][/azexo_panel][azexo_panel title="Make an appointment" el_class="field"][azexo_post_field field="single_add_to_cart"][/azexo_panel][azexo_panel el_class="field"][azexo_post_field field="Address"][/azexo_panel][azexo_panel el_class="field"][azexo_post_field field="Phone"][/azexo_panel][azexo_panel el_class="field"][azexo_post_field field="Website"][/azexo_panel][azexo_panel el_class="field inline"][azexo_post_field field="azl_edit_link"][azexo_post_field field="azl_delete_link"][azexo_post_field field="azl_claim_link"][azexo_post_field field="azl_favorite_link"][/azexo_panel][/azexo_product_fields_wrapper][/vc_column][/vc_row]]]></content:encoded>
		<excerpt:encoded><![CDATA[]]></excerpt:encoded>
		<wp:post_id>54</wp:post_id>
		<wp:post_date><![CDATA[2015-10-02 16:23:11]]></wp:post_date>
		<wp:post_date_gmt><![CDATA[2015-10-02 16:23:11]]></wp:post_date_gmt>
		<wp:comment_status><![CDATA[closed]]></wp:comment_status>
		<wp:ping_status><![CDATA[closed]]></wp:ping_status>
		<wp:post_name><![CDATA[product-details]]></wp:post_name>
		<wp:status><![CDATA[publish]]></wp:status>
		<wp:post_parent>0</wp:post_parent>
		<wp:menu_order>0</wp:menu_order>
		<wp:post_type><![CDATA[vc_widget]]></wp:post_type>
		<wp:post_password><![CDATA[]]></wp:post_password>
		<wp:is_sticky>0</wp:is_sticky>
		<wp:postmeta>
			<wp:meta_key><![CDATA[_edit_last]]></wp:meta_key>
			<wp:meta_value><![CDATA[1]]></wp:meta_value>
		</wp:postmeta>
		<wp:postmeta>
			<wp:meta_key><![CDATA[_wpb_vc_js_status]]></wp:meta_key>
			<wp:meta_value><![CDATA[true]]></wp:meta_value>
		</wp:postmeta>
		<wp:postmeta>
			<wp:meta_key><![CDATA[_vc_post_settings]]></wp:meta_key>
			<wp:meta_value><![CDATA[a:1:{s:10:"vc_grid_id";a:0:{}}]]></wp:meta_value>
		</wp:postmeta>
		<wp:postmeta>
			<wp:meta_key><![CDATA[_wpb_shortcodes_custom_css]]></wp:meta_key>
			<wp:meta_value><![CDATA[.vc_custom_1453640526696{margin-bottom: 0px !important;}.vc_custom_1454051168371{margin-top: 0px !important;}.vc_custom_1453650545032{margin-right: -30px !important;margin-left: -30px !important;}]]></wp:meta_value>
		</wp:postmeta>
	</item>
	<item>
		<title>Appointment</title>
		<link>http://azexo.com/medican/vc_widget/appointment/</link>
		<pubDate>Fri, 02 Oct 2015 16:23:46 +0000</pubDate>
		<dc:creator><![CDATA[admin]]></dc:creator>
		<guid isPermaLink="false">http://azexo.com/medican/?post_type=vc_widget&#038;p=56</guid>
		<description></description>
		<content:encoded><![CDATA[[vc_row css=".vc_custom_1443872752035{margin-bottom: 0px !important;}"][vc_column el_class="h-padding-0"][contact-form-7 id="49"][/vc_column][/vc_row]]]></content:encoded>
		<excerpt:encoded><![CDATA[]]></excerpt:encoded>
		<wp:post_id>56</wp:post_id>
		<wp:post_date><![CDATA[2015-10-02 16:23:46]]></wp:post_date>
		<wp:post_date_gmt><![CDATA[2015-10-02 16:23:46]]></wp:post_date_gmt>
		<wp:comment_status><![CDATA[closed]]></wp:comment_status>
		<wp:ping_status><![CDATA[closed]]></wp:ping_status>
		<wp:post_name><![CDATA[appointment]]></wp:post_name>
		<wp:status><![CDATA[publish]]></wp:status>
		<wp:post_parent>0</wp:post_parent>
		<wp:menu_order>0</wp:menu_order>
		<wp:post_type><![CDATA[vc_widget]]></wp:post_type>
		<wp:post_password><![CDATA[]]></wp:post_password>
		<wp:is_sticky>0</wp:is_sticky>
		<wp:postmeta>
			<wp:meta_key><![CDATA[_edit_last]]></wp:meta_key>
			<wp:meta_value><![CDATA[1]]></wp:meta_value>
		</wp:postmeta>
		<wp:postmeta>
			<wp:meta_key><![CDATA[_wpb_vc_js_status]]></wp:meta_key>
			<wp:meta_value><![CDATA[true]]></wp:meta_value>
		</wp:postmeta>
		<wp:postmeta>
			<wp:meta_key><![CDATA[_vc_post_settings]]></wp:meta_key>
			<wp:meta_value><![CDATA[a:2:{s:7:"vc_grid";a:0:{}s:10:"vc_grid_id";a:0:{}}]]></wp:meta_value>
		</wp:postmeta>
		<wp:postmeta>
			<wp:meta_key><![CDATA[_wpb_shortcodes_custom_css]]></wp:meta_key>
			<wp:meta_value><![CDATA[.vc_custom_1443872752035{margin-bottom: 0px !important;}]]></wp:meta_value>
		</wp:postmeta>
	</item>
	<item>
		<title>Middle product</title>
		<link>http://azexo.com/medican/vc_widget/middle-product/</link>
		<pubDate>Sat, 03 Oct 2015 10:04:50 +0000</pubDate>
		<dc:creator><![CDATA[admin]]></dc:creator>
		<guid isPermaLink="false">http://azexo.com/medican/?post_type=vc_widget&#038;p=175</guid>
		<description></description>
		<content:encoded><![CDATA[[vc_row css=".vc_custom_1454331536983{margin-bottom: 0px !important;padding-top: 175px !important;padding-bottom: 175px !important;background-image: url(http://azexo.com/medican/wp-content/uploads/2015/10/header-3.jpg?id=16) !important;background-position: center !important;background-repeat: no-repeat !important;background-size: cover !important;}" el_class="branded-background"][vc_column el_class="h-padding-0"][vc_row_inner el_class="container"][vc_column_inner][/vc_column_inner][/vc_row_inner][/vc_column][/vc_row]]]></content:encoded>
		<excerpt:encoded><![CDATA[]]></excerpt:encoded>
		<wp:post_id>175</wp:post_id>
		<wp:post_date><![CDATA[2015-10-03 10:04:50]]></wp:post_date>
		<wp:post_date_gmt><![CDATA[2015-10-03 10:04:50]]></wp:post_date_gmt>
		<wp:comment_status><![CDATA[closed]]></wp:comment_status>
		<wp:ping_status><![CDATA[closed]]></wp:ping_status>
		<wp:post_name><![CDATA[middle-product]]></wp:post_name>
		<wp:status><![CDATA[publish]]></wp:status>
		<wp:post_parent>0</wp:post_parent>
		<wp:menu_order>0</wp:menu_order>
		<wp:post_type><![CDATA[vc_widget]]></wp:post_type>
		<wp:post_password><![CDATA[]]></wp:post_password>
		<wp:is_sticky>0</wp:is_sticky>
		<wp:postmeta>
			<wp:meta_key><![CDATA[_edit_last]]></wp:meta_key>
			<wp:meta_value><![CDATA[1]]></wp:meta_value>
		</wp:postmeta>
		<wp:postmeta>
			<wp:meta_key><![CDATA[_wpb_vc_js_status]]></wp:meta_key>
			<wp:meta_value><![CDATA[true]]></wp:meta_value>
		</wp:postmeta>
		<wp:postmeta>
			<wp:meta_key><![CDATA[_vc_post_settings]]></wp:meta_key>
			<wp:meta_value><![CDATA[a:1:{s:10:"vc_grid_id";a:0:{}}]]></wp:meta_value>
		</wp:postmeta>
		<wp:postmeta>
			<wp:meta_key><![CDATA[_wpb_shortcodes_custom_css]]></wp:meta_key>
			<wp:meta_value><![CDATA[.vc_custom_1454331536983{margin-bottom: 0px !important;padding-top: 175px !important;padding-bottom: 175px !important;background-image: url(http://azexo.com/medican/wp-content/uploads/2015/10/header-3.jpg?id=16) !important;background-position: center !important;background-repeat: no-repeat !important;background-size: cover !important;}]]></wp:meta_value>
		</wp:postmeta>
	</item>
	<item>
		<title>Middle</title>
		<link>http://azexo.com/medican/vc_widget/middle/</link>
		<pubDate>Sun, 04 Oct 2015 08:35:46 +0000</pubDate>
		<dc:creator><![CDATA[admin]]></dc:creator>
		<guid isPermaLink="false">http://azexo.com/medican/?post_type=vc_widget&#038;p=290</guid>
		<description></description>
		<content:encoded><![CDATA[[vc_row css=".vc_custom_1456482397387{margin-bottom: 0px !important;}" el_class="container"][vc_column][vc_column_text][azqf-form name="small horizontal filter"][/vc_column_text][/vc_column][/vc_row][vc_row css=".vc_custom_1455781240699{margin-bottom: 0px !important;}"][vc_column el_class="h-padding-0"][vc_column_text][azl-google-map][/vc_column_text][/vc_column][/vc_row][vc_row css=".vc_custom_1454169357386{margin-bottom: 0px !important;padding-top: 90px !important;padding-bottom: 90px !important;background-image: url(http://azexo.com/medican/wp-content/uploads/2015/10/header-3.jpg?id=16) !important;background-position: center !important;background-repeat: no-repeat !important;background-size: cover !important;}" el_class="branded-background"][vc_column el_class="h-padding-0"][vc_row_inner el_class="container"][vc_column_inner][azexo_page_title][woocommerce_breadcrumb][/vc_column_inner][/vc_row_inner][/vc_column][/vc_row]]]></content:encoded>
		<excerpt:encoded><![CDATA[]]></excerpt:encoded>
		<wp:post_id>290</wp:post_id>
		<wp:post_date><![CDATA[2015-10-04 08:35:46]]></wp:post_date>
		<wp:post_date_gmt><![CDATA[2015-10-04 08:35:46]]></wp:post_date_gmt>
		<wp:comment_status><![CDATA[closed]]></wp:comment_status>
		<wp:ping_status><![CDATA[closed]]></wp:ping_status>
		<wp:post_name><![CDATA[middle]]></wp:post_name>
		<wp:status><![CDATA[publish]]></wp:status>
		<wp:post_parent>0</wp:post_parent>
		<wp:menu_order>0</wp:menu_order>
		<wp:post_type><![CDATA[vc_widget]]></wp:post_type>
		<wp:post_password><![CDATA[]]></wp:post_password>
		<wp:is_sticky>0</wp:is_sticky>
		<wp:postmeta>
			<wp:meta_key><![CDATA[_edit_last]]></wp:meta_key>
			<wp:meta_value><![CDATA[1]]></wp:meta_value>
		</wp:postmeta>
		<wp:postmeta>
			<wp:meta_key><![CDATA[_wpb_vc_js_status]]></wp:meta_key>
			<wp:meta_value><![CDATA[true]]></wp:meta_value>
		</wp:postmeta>
		<wp:postmeta>
			<wp:meta_key><![CDATA[_vc_post_settings]]></wp:meta_key>
			<wp:meta_value><![CDATA[a:1:{s:10:"vc_grid_id";a:0:{}}]]></wp:meta_value>
		</wp:postmeta>
		<wp:postmeta>
			<wp:meta_key><![CDATA[slide_template]]></wp:meta_key>
			<wp:meta_value><![CDATA[default]]></wp:meta_value>
		</wp:postmeta>
		<wp:postmeta>
			<wp:meta_key><![CDATA[_wpb_shortcodes_custom_css]]></wp:meta_key>
			<wp:meta_value><![CDATA[.vc_custom_1456482397387{margin-bottom: 0px !important;}.vc_custom_1455781240699{margin-bottom: 0px !important;}.vc_custom_1454169357386{margin-bottom: 0px !important;padding-top: 90px !important;padding-bottom: 90px !important;background-image: url(http://azexo.com/medican/wp-content/uploads/2015/10/header-3.jpg?id=16) !important;background-position: center !important;background-repeat: no-repeat !important;background-size: cover !important;}]]></wp:meta_value>
		</wp:postmeta>
	</item>
	<item>
		<title>Filter form</title>
		<link>http://azexo.com/medican/vc_widget/filter-form/</link>
		<pubDate>Sat, 30 Jan 2016 15:14:53 +0000</pubDate>
		<dc:creator><![CDATA[admin]]></dc:creator>
		<guid isPermaLink="false">http://azexo.com/medican/?post_type=vc_widget&#038;p=395</guid>
		<description></description>
		<content:encoded><![CDATA[[vc_row css=".vc_custom_1451836131851{margin-bottom: 0px !important;}"][vc_column el_class="h-padding-0"][vc_column_text el_class="vertical"][azqf-form name="filter"][/vc_column_text][/vc_column][/vc_row]]]></content:encoded>
		<excerpt:encoded><![CDATA[]]></excerpt:encoded>
		<wp:post_id>395</wp:post_id>
		<wp:post_date><![CDATA[2016-01-30 15:14:53]]></wp:post_date>
		<wp:post_date_gmt><![CDATA[2016-01-30 15:14:53]]></wp:post_date_gmt>
		<wp:comment_status><![CDATA[closed]]></wp:comment_status>
		<wp:ping_status><![CDATA[closed]]></wp:ping_status>
		<wp:post_name><![CDATA[filter-form]]></wp:post_name>
		<wp:status><![CDATA[publish]]></wp:status>
		<wp:post_parent>0</wp:post_parent>
		<wp:menu_order>0</wp:menu_order>
		<wp:post_type><![CDATA[vc_widget]]></wp:post_type>
		<wp:post_password><![CDATA[]]></wp:post_password>
		<wp:is_sticky>0</wp:is_sticky>
		<wp:postmeta>
			<wp:meta_key><![CDATA[_edit_last]]></wp:meta_key>
			<wp:meta_value><![CDATA[1]]></wp:meta_value>
		</wp:postmeta>
		<wp:postmeta>
			<wp:meta_key><![CDATA[_wpb_vc_js_status]]></wp:meta_key>
			<wp:meta_value><![CDATA[true]]></wp:meta_value>
		</wp:postmeta>
		<wp:postmeta>
			<wp:meta_key><![CDATA[_vc_post_settings]]></wp:meta_key>
			<wp:meta_value><![CDATA[a:1:{s:10:"vc_grid_id";a:0:{}}]]></wp:meta_value>
		</wp:postmeta>
		<wp:postmeta>
			<wp:meta_key><![CDATA[_wpb_shortcodes_custom_css]]></wp:meta_key>
			<wp:meta_value><![CDATA[.vc_custom_1451836131851{margin-bottom: 0px !important;}]]></wp:meta_value>
		</wp:postmeta>
	</item>
	<item>
		<title>Car details</title>
		<link>http://azexo.com/medican/vc_widget/car-details/</link>
		<pubDate>Sat, 13 Feb 2016 17:03:34 +0000</pubDate>
		<dc:creator><![CDATA[admin]]></dc:creator>
		<guid isPermaLink="false">http://azexo.com/medican/?post_type=vc_widget&#038;p=633</guid>
		<description></description>
		<content:encoded><![CDATA[[vc_row css=".vc_custom_1453640526696{margin-bottom: 0px !important;}"][vc_column el_class="h-padding-0"][azexo_product_fields_wrapper][azexo_post_field field="post_thumbnail"][azexo_panel el_class="field" css=".vc_custom_1454051168371{margin-top: 0px !important;}"][azexo_post_field field="single_price"][/azexo_panel][azexo_panel el_class="field without-image"][azexo_post_field field="taxonomy_car-body"][azexo_post_field field="car-mileage"][azexo_post_field field="taxonomy_car-fuel-type"][azexo_post_field field="taxonomy_car-year"][azexo_post_field field="taxonomy_car-transmission"][azexo_post_field field="taxonomy_car-drive"][azexo_post_field field="taxonomy_car-exterior-color"][azexo_post_field field="taxonomy_car-interior-color"][azexo_post_field field="car-vin"][/azexo_panel][azexo_panel title="Contact form" el_class="field"][contact-form-7 id="48"][/azexo_panel][azexo_panel el_class="field wide" title="Location"][azexo_post_field field="product-gmap-location.php" css=".vc_custom_1455450338407{margin-right: -30px !important;margin-left: -30px !important;}"][/azexo_panel][azexo_panel el_class="field inline"][azexo_post_field field="azl_edit_link"][azexo_post_field field="azl_delete_link"][azexo_post_field field="azl_claim_link"][azexo_post_field field="azl_favorite_link"][/azexo_panel][/azexo_product_fields_wrapper][/vc_column][/vc_row]]]></content:encoded>
		<excerpt:encoded><![CDATA[]]></excerpt:encoded>
		<wp:post_id>633</wp:post_id>
		<wp:post_date><![CDATA[2016-02-13 17:03:34]]></wp:post_date>
		<wp:post_date_gmt><![CDATA[2016-02-13 17:03:34]]></wp:post_date_gmt>
		<wp:comment_status><![CDATA[closed]]></wp:comment_status>
		<wp:ping_status><![CDATA[closed]]></wp:ping_status>
		<wp:post_name><![CDATA[car-details]]></wp:post_name>
		<wp:status><![CDATA[publish]]></wp:status>
		<wp:post_parent>0</wp:post_parent>
		<wp:menu_order>0</wp:menu_order>
		<wp:post_type><![CDATA[vc_widget]]></wp:post_type>
		<wp:post_password><![CDATA[]]></wp:post_password>
		<wp:is_sticky>0</wp:is_sticky>
		<wp:postmeta>
			<wp:meta_key><![CDATA[_edit_last]]></wp:meta_key>
			<wp:meta_value><![CDATA[1]]></wp:meta_value>
		</wp:postmeta>
		<wp:postmeta>
			<wp:meta_key><![CDATA[_vc_post_settings]]></wp:meta_key>
			<wp:meta_value><![CDATA[a:1:{s:10:"vc_grid_id";a:0:{}}]]></wp:meta_value>
		</wp:postmeta>
		<wp:postmeta>
			<wp:meta_key><![CDATA[_wpb_shortcodes_custom_css]]></wp:meta_key>
			<wp:meta_value><![CDATA[.vc_custom_1453640526696{margin-bottom: 0px !important;}.vc_custom_1454051168371{margin-top: 0px !important;}.vc_custom_1455450338407{margin-right: -30px !important;margin-left: -30px !important;}]]></wp:meta_value>
		</wp:postmeta>
		<wp:postmeta>
			<wp:meta_key><![CDATA[_wpb_vc_js_status]]></wp:meta_key>
			<wp:meta_value><![CDATA[true]]></wp:meta_value>
		</wp:postmeta>
	</item>
	<item>
		<title>Course details</title>
		<link>http://azexo.com/medican/vc_widget/course-details/</link>
		<pubDate>Sun, 14 Feb 2016 11:09:42 +0000</pubDate>
		<dc:creator><![CDATA[admin]]></dc:creator>
		<guid isPermaLink="false">http://azexo.com/medican/?post_type=vc_widget&#038;p=645</guid>
		<description></description>
		<content:encoded><![CDATA[[vc_row css=".vc_custom_1453640526696{margin-bottom: 0px !important;}"][vc_column el_class="h-padding-0"][azexo_product_fields_wrapper][azexo_post_field field="post_thumbnail"][azexo_panel el_class="field" css=".vc_custom_1454051168371{margin-top: 0px !important;}"][azexo_post_field field="single_price"][/azexo_panel][azexo_panel el_class="field without-image"][azexo_post_field field="taxonomy_course-category"][azexo_post_field field="course-lectures"][azexo_post_field field="course-quizzes"][azexo_post_field field="course-duration"][azexo_post_field field="course-skill"][azexo_post_field field="course-language"][azexo_post_field field="course-students"][azexo_post_field field="course-certificate"][azexo_post_field field="course-assessments"][/azexo_panel][azexo_panel el_class="field without-image"][azexo_post_field field="single_add_to_cart"][/azexo_panel][azexo_panel el_class="field wide" title="Location"][azexo_post_field field="product-gmap-location.php" css=".vc_custom_1455450278617{margin-right: -30px !important;margin-left: -30px !important;}"][/azexo_panel][azexo_panel title="Contact form" el_class="field"][contact-form-7 id="48"][/azexo_panel][azexo_panel el_class="field inline"][azexo_post_field field="azl_edit_link"][azexo_post_field field="azl_delete_link"][azexo_post_field field="azl_claim_link"][azexo_post_field field="azl_favorite_link"][/azexo_panel][/azexo_product_fields_wrapper][/vc_column][/vc_row]]]></content:encoded>
		<excerpt:encoded><![CDATA[]]></excerpt:encoded>
		<wp:post_id>645</wp:post_id>
		<wp:post_date><![CDATA[2016-02-14 11:09:42]]></wp:post_date>
		<wp:post_date_gmt><![CDATA[2016-02-14 11:09:42]]></wp:post_date_gmt>
		<wp:comment_status><![CDATA[closed]]></wp:comment_status>
		<wp:ping_status><![CDATA[closed]]></wp:ping_status>
		<wp:post_name><![CDATA[course-details]]></wp:post_name>
		<wp:status><![CDATA[publish]]></wp:status>
		<wp:post_parent>0</wp:post_parent>
		<wp:menu_order>0</wp:menu_order>
		<wp:post_type><![CDATA[vc_widget]]></wp:post_type>
		<wp:post_password><![CDATA[]]></wp:post_password>
		<wp:is_sticky>0</wp:is_sticky>
		<wp:postmeta>
			<wp:meta_key><![CDATA[_edit_last]]></wp:meta_key>
			<wp:meta_value><![CDATA[1]]></wp:meta_value>
		</wp:postmeta>
		<wp:postmeta>
			<wp:meta_key><![CDATA[_vc_post_settings]]></wp:meta_key>
			<wp:meta_value><![CDATA[a:1:{s:10:"vc_grid_id";a:0:{}}]]></wp:meta_value>
		</wp:postmeta>
		<wp:postmeta>
			<wp:meta_key><![CDATA[_wpb_shortcodes_custom_css]]></wp:meta_key>
			<wp:meta_value><![CDATA[.vc_custom_1453640526696{margin-bottom: 0px !important;}.vc_custom_1454051168371{margin-top: 0px !important;}.vc_custom_1455450278617{margin-right: -30px !important;margin-left: -30px !important;}]]></wp:meta_value>
		</wp:postmeta>
		<wp:postmeta>
			<wp:meta_key><![CDATA[_wpb_vc_js_status]]></wp:meta_key>
			<wp:meta_value><![CDATA[true]]></wp:meta_value>
		</wp:postmeta>
	</item>
	<item>
		<title>Event details</title>
		<link>http://azexo.com/medican/vc_widget/event-details/</link>
		<pubDate>Sun, 14 Feb 2016 13:20:45 +0000</pubDate>
		<dc:creator><![CDATA[admin]]></dc:creator>
		<guid isPermaLink="false">http://azexo.com/medican/?post_type=vc_widget&#038;p=665</guid>
		<description></description>
		<content:encoded><![CDATA[[vc_row css=".vc_custom_1453640526696{margin-bottom: 0px !important;}"][vc_column el_class="h-padding-0"][azexo_product_fields_wrapper][azexo_post_field field="post_thumbnail"][azexo_panel el_class="field without-image" css=".vc_custom_1455461046075{margin-top: 0px !important;}"][azexo_post_field field="product-time-left.php"][/azexo_panel][azexo_panel el_class="field wide" css=".vc_custom_1455461891391{margin-top: 0px !important;}"][azexo_post_field field="product-gmap-location.php" css=".vc_custom_1455450278617{margin-right: -30px !important;margin-left: -30px !important;}"][/azexo_panel][azexo_panel el_class="field" title="Ticked price"][azexo_post_field field="single_price"][/azexo_panel][azexo_panel el_class="field without-image"][azexo_post_field field="event-address"][azexo_post_field field="product-date-time.php"][/azexo_panel][azexo_panel el_class="field without-image"][azexo_post_field field="single_add_to_cart"][/azexo_panel][azexo_panel title="Contact form" el_class="field"][contact-form-7 id="48"][/azexo_panel][azexo_panel el_class="field inline"][azexo_post_field field="azl_edit_link"][azexo_post_field field="azl_delete_link"][azexo_post_field field="azl_claim_link"][azexo_post_field field="azl_favorite_link"][/azexo_panel][/azexo_product_fields_wrapper][/vc_column][/vc_row]]]></content:encoded>
		<excerpt:encoded><![CDATA[]]></excerpt:encoded>
		<wp:post_id>665</wp:post_id>
		<wp:post_date><![CDATA[2016-02-14 13:20:45]]></wp:post_date>
		<wp:post_date_gmt><![CDATA[2016-02-14 13:20:45]]></wp:post_date_gmt>
		<wp:comment_status><![CDATA[closed]]></wp:comment_status>
		<wp:ping_status><![CDATA[closed]]></wp:ping_status>
		<wp:post_name><![CDATA[event-details]]></wp:post_name>
		<wp:status><![CDATA[publish]]></wp:status>
		<wp:post_parent>0</wp:post_parent>
		<wp:menu_order>0</wp:menu_order>
		<wp:post_type><![CDATA[vc_widget]]></wp:post_type>
		<wp:post_password><![CDATA[]]></wp:post_password>
		<wp:is_sticky>0</wp:is_sticky>
		<wp:postmeta>
			<wp:meta_key><![CDATA[_edit_last]]></wp:meta_key>
			<wp:meta_value><![CDATA[1]]></wp:meta_value>
		</wp:postmeta>
		<wp:postmeta>
			<wp:meta_key><![CDATA[_vc_post_settings]]></wp:meta_key>
			<wp:meta_value><![CDATA[a:1:{s:10:"vc_grid_id";a:0:{}}]]></wp:meta_value>
		</wp:postmeta>
		<wp:postmeta>
			<wp:meta_key><![CDATA[_wpb_shortcodes_custom_css]]></wp:meta_key>
			<wp:meta_value><![CDATA[.vc_custom_1453640526696{margin-bottom: 0px !important;}.vc_custom_1455461046075{margin-top: 0px !important;}.vc_custom_1455461891391{margin-top: 0px !important;}.vc_custom_1455450278617{margin-right: -30px !important;margin-left: -30px !important;}]]></wp:meta_value>
		</wp:postmeta>
		<wp:postmeta>
			<wp:meta_key><![CDATA[_wpb_vc_js_status]]></wp:meta_key>
			<wp:meta_value><![CDATA[true]]></wp:meta_value>
		</wp:postmeta>
	</item>
	<item>
		<title>Room details</title>
		<link>http://azexo.com/medican/vc_widget/room-details/</link>
		<pubDate>Sun, 14 Feb 2016 16:12:11 +0000</pubDate>
		<dc:creator><![CDATA[admin]]></dc:creator>
		<guid isPermaLink="false">http://azexo.com/medican/?post_type=vc_widget&#038;p=679</guid>
		<description></description>
		<content:encoded><![CDATA[[vc_row css=".vc_custom_1453640526696{margin-bottom: 0px !important;}"][vc_column el_class="h-padding-0"][azexo_product_fields_wrapper][azexo_post_field field="post_thumbnail"][azexo_panel el_class="field" css=".vc_custom_1454051168371{margin-top: 0px !important;}"][azexo_post_field field="single_price"][/azexo_panel][azexo_panel el_class="field without-image"][azexo_post_field field="taxonomy_room-category"][azexo_post_field field="room-guests"][azexo_post_field field="room-address"][azexo_post_field field="room-area"][azexo_post_field field="room-rooms"][azexo_post_field field="room-bedrooms"][azexo_post_field field="room-bathrooms"][/azexo_panel][azexo_panel el_class="field without-image" title="Features"][azexo_post_field field="taxonomy_room-feature"][/azexo_panel][azexo_panel el_class="field without-image"][azexo_post_field field="single_add_to_cart"][/azexo_panel][azexo_panel el_class="field wide" title="Location"][azexo_post_field field="product-gmap-location.php" css=".vc_custom_1455450278617{margin-right: -30px !important;margin-left: -30px !important;}"][/azexo_panel][azexo_panel title="Contact form" el_class="field"][contact-form-7 id="48"][/azexo_panel][azexo_panel el_class="field inline"][azexo_post_field field="azl_edit_link"][azexo_post_field field="azl_delete_link"][azexo_post_field field="azl_claim_link"][azexo_post_field field="azl_favorite_link"][/azexo_panel][/azexo_product_fields_wrapper][/vc_column][/vc_row]]]></content:encoded>
		<excerpt:encoded><![CDATA[]]></excerpt:encoded>
		<wp:post_id>679</wp:post_id>
		<wp:post_date><![CDATA[2016-02-14 16:12:11]]></wp:post_date>
		<wp:post_date_gmt><![CDATA[2016-02-14 16:12:11]]></wp:post_date_gmt>
		<wp:comment_status><![CDATA[closed]]></wp:comment_status>
		<wp:ping_status><![CDATA[closed]]></wp:ping_status>
		<wp:post_name><![CDATA[room-details]]></wp:post_name>
		<wp:status><![CDATA[publish]]></wp:status>
		<wp:post_parent>0</wp:post_parent>
		<wp:menu_order>0</wp:menu_order>
		<wp:post_type><![CDATA[vc_widget]]></wp:post_type>
		<wp:post_password><![CDATA[]]></wp:post_password>
		<wp:is_sticky>0</wp:is_sticky>
		<wp:postmeta>
			<wp:meta_key><![CDATA[_edit_last]]></wp:meta_key>
			<wp:meta_value><![CDATA[1]]></wp:meta_value>
		</wp:postmeta>
		<wp:postmeta>
			<wp:meta_key><![CDATA[_vc_post_settings]]></wp:meta_key>
			<wp:meta_value><![CDATA[a:1:{s:10:"vc_grid_id";a:0:{}}]]></wp:meta_value>
		</wp:postmeta>
		<wp:postmeta>
			<wp:meta_key><![CDATA[_wpb_shortcodes_custom_css]]></wp:meta_key>
			<wp:meta_value><![CDATA[.vc_custom_1453640526696{margin-bottom: 0px !important;}.vc_custom_1454051168371{margin-top: 0px !important;}.vc_custom_1455450278617{margin-right: -30px !important;margin-left: -30px !important;}]]></wp:meta_value>
		</wp:postmeta>
		<wp:postmeta>
			<wp:meta_key><![CDATA[_wpb_vc_js_status]]></wp:meta_key>
			<wp:meta_value><![CDATA[true]]></wp:meta_value>
		</wp:postmeta>
	</item>
	<item>
		<title>Job details</title>
		<link>http://azexo.com/medican/vc_widget/job-details/</link>
		<pubDate>Tue, 16 Feb 2016 06:14:27 +0000</pubDate>
		<dc:creator><![CDATA[admin]]></dc:creator>
		<guid isPermaLink="false">http://azexo.com/medican/?post_type=vc_widget&#038;p=716</guid>
		<description></description>
		<content:encoded><![CDATA[[vc_row css=".vc_custom_1453640526696{margin-bottom: 0px !important;}"][vc_column el_class="h-padding-0"][azexo_product_fields_wrapper][azexo_post_field field="post_thumbnail"][azexo_panel el_class="field"][azexo_post_field field="product-vendor.php" el_class="text-center gray-background" css=".vc_custom_1455607532595{padding-top: 20px !important;padding-bottom: 20px !important;}"][/azexo_panel][azexo_panel el_class="field" title="Resume"][azexo_post_field field="product-file.php" el_class="text-center gray-background" css=".vc_custom_1455617802779{padding-top: 20px !important;padding-bottom: 20px !important;}"][/azexo_panel][azexo_panel el_class="field without-image"][azexo_post_field field="resume-name"][azexo_post_field field="resume-total-year-experience"][azexo_post_field field="resume-language"][azexo_post_field field="resume-address"][azexo_post_field field="job-salary-offer"][azexo_post_field field="job-total-year-experience"][azexo_post_field field="taxonomy_job-category"][azexo_post_field field="taxonomy_job-type"][azexo_post_field field="taxonomy_job-experience-level"][azexo_post_field field="taxonomy_job-academic-degree"][azexo_post_field field="taxonomy_job-dress-code"][/azexo_panel][azexo_panel el_class="field wide" title="Location"][azexo_post_field field="product-gmap-location.php" css=".vc_custom_1455450338407{margin-right: -30px !important;margin-left: -30px !important;}"][/azexo_panel][azexo_panel title="Contact form" el_class="field"][contact-form-7 id="48"][/azexo_panel][azexo_panel el_class="field inline"][azexo_post_field field="azl_edit_link"][azexo_post_field field="azl_delete_link"][azexo_post_field field="azl_claim_link"][azexo_post_field field="azl_favorite_link"][/azexo_panel][/azexo_product_fields_wrapper][/vc_column][/vc_row]]]></content:encoded>
		<excerpt:encoded><![CDATA[]]></excerpt:encoded>
		<wp:post_id>716</wp:post_id>
		<wp:post_date><![CDATA[2016-02-16 06:14:27]]></wp:post_date>
		<wp:post_date_gmt><![CDATA[2016-02-16 06:14:27]]></wp:post_date_gmt>
		<wp:comment_status><![CDATA[closed]]></wp:comment_status>
		<wp:ping_status><![CDATA[closed]]></wp:ping_status>
		<wp:post_name><![CDATA[job-details]]></wp:post_name>
		<wp:status><![CDATA[publish]]></wp:status>
		<wp:post_parent>0</wp:post_parent>
		<wp:menu_order>0</wp:menu_order>
		<wp:post_type><![CDATA[vc_widget]]></wp:post_type>
		<wp:post_password><![CDATA[]]></wp:post_password>
		<wp:is_sticky>0</wp:is_sticky>
		<wp:postmeta>
			<wp:meta_key><![CDATA[_edit_last]]></wp:meta_key>
			<wp:meta_value><![CDATA[1]]></wp:meta_value>
		</wp:postmeta>
		<wp:postmeta>
			<wp:meta_key><![CDATA[_vc_post_settings]]></wp:meta_key>
			<wp:meta_value><![CDATA[a:1:{s:10:"vc_grid_id";a:0:{}}]]></wp:meta_value>
		</wp:postmeta>
		<wp:postmeta>
			<wp:meta_key><![CDATA[_wpb_shortcodes_custom_css]]></wp:meta_key>
			<wp:meta_value><![CDATA[.vc_custom_1453640526696{margin-bottom: 0px !important;}.vc_custom_1455607532595{padding-top: 20px !important;padding-bottom: 20px !important;}.vc_custom_1455617802779{padding-top: 20px !important;padding-bottom: 20px !important;}.vc_custom_1455450338407{margin-right: -30px !important;margin-left: -30px !important;}]]></wp:meta_value>
		</wp:postmeta>
		<wp:postmeta>
			<wp:meta_key><![CDATA[_wpb_vc_js_status]]></wp:meta_key>
			<wp:meta_value><![CDATA[true]]></wp:meta_value>
		</wp:postmeta>
	</item>
	<item>
		<title>Property details</title>
		<link>http://azexo.com/medican/vc_widget/property-details/</link>
		<pubDate>Tue, 16 Feb 2016 08:45:02 +0000</pubDate>
		<dc:creator><![CDATA[admin]]></dc:creator>
		<guid isPermaLink="false">http://azexo.com/medican/?post_type=vc_widget&#038;p=730</guid>
		<description></description>
		<content:encoded><![CDATA[[vc_row css=".vc_custom_1453640526696{margin-bottom: 0px !important;}"][vc_column el_class="h-padding-0"][azexo_product_fields_wrapper][azexo_post_field field="post_thumbnail"][azexo_panel el_class="field" css=".vc_custom_1454051168371{margin-top: 0px !important;}"][azexo_post_field field="single_price"][/azexo_panel][azexo_panel el_class="field without-image"][azexo_post_field field="taxonomy_property-status"][azexo_post_field field="taxonomy_property-type"][azexo_post_field field="property-area"][azexo_post_field field="property-bedrooms"][azexo_post_field field="property-bathrooms"][azexo_post_field field="property-garages"][azexo_post_field field="property-id"][/azexo_panel][azexo_panel el_class="field without-image" title="Features"][azexo_post_field field="taxonomy_property-feature"][/azexo_panel][azexo_panel el_class="field without-image"][azexo_post_field field="single_add_to_cart"][/azexo_panel][azexo_panel el_class="field wide" title="Location"][azexo_post_field field="product-gmap-location.php" css=".vc_custom_1455450278617{margin-right: -30px !important;margin-left: -30px !important;}"][/azexo_panel][azexo_panel title="Contact form" el_class="field"][contact-form-7 id="48"][/azexo_panel][azexo_panel el_class="field inline"][azexo_post_field field="azl_edit_link"][azexo_post_field field="azl_delete_link"][azexo_post_field field="azl_claim_link"][azexo_post_field field="azl_favorite_link"][/azexo_panel][/azexo_product_fields_wrapper][/vc_column][/vc_row]]]></content:encoded>
		<excerpt:encoded><![CDATA[]]></excerpt:encoded>
		<wp:post_id>730</wp:post_id>
		<wp:post_date><![CDATA[2016-02-16 08:45:02]]></wp:post_date>
		<wp:post_date_gmt><![CDATA[2016-02-16 08:45:02]]></wp:post_date_gmt>
		<wp:comment_status><![CDATA[closed]]></wp:comment_status>
		<wp:ping_status><![CDATA[closed]]></wp:ping_status>
		<wp:post_name><![CDATA[property-details]]></wp:post_name>
		<wp:status><![CDATA[publish]]></wp:status>
		<wp:post_parent>0</wp:post_parent>
		<wp:menu_order>0</wp:menu_order>
		<wp:post_type><![CDATA[vc_widget]]></wp:post_type>
		<wp:post_password><![CDATA[]]></wp:post_password>
		<wp:is_sticky>0</wp:is_sticky>
		<wp:postmeta>
			<wp:meta_key><![CDATA[_edit_last]]></wp:meta_key>
			<wp:meta_value><![CDATA[1]]></wp:meta_value>
		</wp:postmeta>
		<wp:postmeta>
			<wp:meta_key><![CDATA[_vc_post_settings]]></wp:meta_key>
			<wp:meta_value><![CDATA[a:1:{s:10:"vc_grid_id";a:0:{}}]]></wp:meta_value>
		</wp:postmeta>
		<wp:postmeta>
			<wp:meta_key><![CDATA[_wpb_shortcodes_custom_css]]></wp:meta_key>
			<wp:meta_value><![CDATA[.vc_custom_1453640526696{margin-bottom: 0px !important;}.vc_custom_1454051168371{margin-top: 0px !important;}.vc_custom_1455450278617{margin-right: -30px !important;margin-left: -30px !important;}]]></wp:meta_value>
		</wp:postmeta>
		<wp:postmeta>
			<wp:meta_key><![CDATA[_wpb_vc_js_status]]></wp:meta_key>
			<wp:meta_value><![CDATA[true]]></wp:meta_value>
		</wp:postmeta>
	</item>
	<item>
		<title>Tour details</title>
		<link>http://azexo.com/medican/vc_widget/tour-details/</link>
		<pubDate>Tue, 16 Feb 2016 12:51:44 +0000</pubDate>
		<dc:creator><![CDATA[admin]]></dc:creator>
		<guid isPermaLink="false">http://azexo.com/medican/?post_type=vc_widget&#038;p=744</guid>
		<description></description>
		<content:encoded><![CDATA[[vc_row css=".vc_custom_1453640526696{margin-bottom: 0px !important;}"][vc_column el_class="h-padding-0"][azexo_product_fields_wrapper][azexo_post_field field="post_thumbnail"][azexo_panel el_class="field without-image" css=".vc_custom_1455461046075{margin-top: 0px !important;}"][azexo_post_field field="taxonomy_tour-type"][azexo_post_field field="tour-duration"][azexo_post_field field="tour-physicality"][azexo_post_field field="tour-age"][azexo_post_field field="tour-dates"][/azexo_panel][azexo_panel el_class="field wide" title="Destination"][azexo_post_field field="product-gmap-location.php" css=".vc_custom_1455450278617{margin-right: -30px !important;margin-left: -30px !important;}"][/azexo_panel][azexo_panel el_class="field" title="One tour per person"][azexo_post_field field="single_price"][/azexo_panel][azexo_panel el_class="field without-image"][azexo_post_field field="single_add_to_cart"][/azexo_panel][azexo_panel title="Contact form" el_class="field"][contact-form-7 id="48"][/azexo_panel][azexo_panel el_class="field inline"][azexo_post_field field="azl_edit_link"][azexo_post_field field="azl_delete_link"][azexo_post_field field="azl_claim_link"][azexo_post_field field="azl_favorite_link"][/azexo_panel][/azexo_product_fields_wrapper][/vc_column][/vc_row]]]></content:encoded>
		<excerpt:encoded><![CDATA[]]></excerpt:encoded>
		<wp:post_id>744</wp:post_id>
		<wp:post_date><![CDATA[2016-02-16 12:51:44]]></wp:post_date>
		<wp:post_date_gmt><![CDATA[2016-02-16 12:51:44]]></wp:post_date_gmt>
		<wp:comment_status><![CDATA[closed]]></wp:comment_status>
		<wp:ping_status><![CDATA[closed]]></wp:ping_status>
		<wp:post_name><![CDATA[tour-details]]></wp:post_name>
		<wp:status><![CDATA[publish]]></wp:status>
		<wp:post_parent>0</wp:post_parent>
		<wp:menu_order>0</wp:menu_order>
		<wp:post_type><![CDATA[vc_widget]]></wp:post_type>
		<wp:post_password><![CDATA[]]></wp:post_password>
		<wp:is_sticky>0</wp:is_sticky>
		<wp:postmeta>
			<wp:meta_key><![CDATA[_edit_last]]></wp:meta_key>
			<wp:meta_value><![CDATA[1]]></wp:meta_value>
		</wp:postmeta>
		<wp:postmeta>
			<wp:meta_key><![CDATA[_vc_post_settings]]></wp:meta_key>
			<wp:meta_value><![CDATA[a:1:{s:10:"vc_grid_id";a:0:{}}]]></wp:meta_value>
		</wp:postmeta>
		<wp:postmeta>
			<wp:meta_key><![CDATA[_wpb_shortcodes_custom_css]]></wp:meta_key>
			<wp:meta_value><![CDATA[.vc_custom_1453640526696{margin-bottom: 0px !important;}.vc_custom_1455461046075{margin-top: 0px !important;}.vc_custom_1455450278617{margin-right: -30px !important;margin-left: -30px !important;}]]></wp:meta_value>
		</wp:postmeta>
		<wp:postmeta>
			<wp:meta_key><![CDATA[_wpb_vc_js_status]]></wp:meta_key>
			<wp:meta_value><![CDATA[true]]></wp:meta_value>
		</wp:postmeta>
	</item>
	<item>
		<title>Vendor panel</title>
		<link>http://azexo.com/medican/vc_widget/vendor-panel/</link>
		<pubDate>Wed, 24 Feb 2016 10:52:01 +0000</pubDate>
		<dc:creator><![CDATA[admin]]></dc:creator>
		<guid isPermaLink="false">http://azexo.com/medican/?post_type=vc_widget&#038;p=759</guid>
		<description></description>
		<content:encoded><![CDATA[[vc_row css=".vc_custom_1456310629405{margin-bottom: 0px !important;}"][vc_column el_class="h-padding-0"][vc_btn title="Vendor dashboard" style="custom" custom_background="#3f51b5" custom_text="#ffffff" shape="square" size="sm" align="center" link="url:http%3A%2F%2Fazexo.com%2Fmedican%2Fvendor_dashboard%2F||" button_block="true"][/vc_column][/vc_row]]]></content:encoded>
		<excerpt:encoded><![CDATA[]]></excerpt:encoded>
		<wp:post_id>762</wp:post_id>
		<wp:post_date><![CDATA[2016-02-24 10:52:01]]></wp:post_date>
		<wp:post_date_gmt><![CDATA[2016-02-24 10:52:01]]></wp:post_date_gmt>
		<wp:comment_status><![CDATA[closed]]></wp:comment_status>
		<wp:ping_status><![CDATA[closed]]></wp:ping_status>
		<wp:post_name><![CDATA[vendor-panel]]></wp:post_name>
		<wp:status><![CDATA[publish]]></wp:status>
		<wp:post_parent>0</wp:post_parent>
		<wp:menu_order>0</wp:menu_order>
		<wp:post_type><![CDATA[vc_widget]]></wp:post_type>
		<wp:post_password><![CDATA[]]></wp:post_password>
		<wp:is_sticky>0</wp:is_sticky>
		<wp:postmeta>
			<wp:meta_key><![CDATA[_edit_last]]></wp:meta_key>
			<wp:meta_value><![CDATA[1]]></wp:meta_value>
		</wp:postmeta>
		<wp:postmeta>
			<wp:meta_key><![CDATA[_wpb_vc_js_status]]></wp:meta_key>
			<wp:meta_value><![CDATA[true]]></wp:meta_value>
		</wp:postmeta>
		<wp:postmeta>
			<wp:meta_key><![CDATA[_vc_post_settings]]></wp:meta_key>
			<wp:meta_value><![CDATA[a:1:{s:10:"vc_grid_id";a:0:{}}]]></wp:meta_value>
		</wp:postmeta>
		<wp:postmeta>
			<wp:meta_key><![CDATA[_wpb_shortcodes_custom_css]]></wp:meta_key>
			<wp:meta_value><![CDATA[.vc_custom_1456310629405{margin-bottom: 0px !important;}]]></wp:meta_value>
		</wp:postmeta>
	</item>
</channel>
</rss>
